,Phonemes,Init,Final
0,DH,26,28
1,IH1,28,30
2,S,30,34
3,IH1,40,42
4,Z,42,45
5,T,48,49
6,EH1,49,50
7,S,50,51
8,T,51,54
9,N,61,62
10,AH1,62,63
11,M,63,64
12,B,64,65
13,ER0,65,67
14,W,68,70
15,AH1,70,72
16,N,72,75
17,K,94,95
18,IY1,95,96
19,ER0,96,99
20,M,100,102
21,EH1,102,104
22,R,104,106
23,AH0,106,108
24,M,109,111
25,AW1,111,113
26,N,113,116
27,S,104,110
28,ER1,110,116
29,F,116,123
30,T,134,135
31,AE1,135,136
32,B,136,138
33,HH,141,142
34,IH1,142,143
35,L,143,144
36,T,144,145
37,AH0,145,150
38,HH,151,154
39,AA1,154,157
40,JH,174,176
41,AE1,176,178
42,B,178,181
43,M,182,186
44,AA1,186,191
45,B,216,217
46,OW1,217,218
47,L,218,219
48,T,219,220
49,AH0,220,222
50,HH,223,225
51,AA1,225,227
52,N,227,231
53,AA1,252,259
54,B,274,278
55,AA1,278,283
56,F,299,303
57,AA1,303,307
58,G,320,323
59,AA1,323,327
60,UW1,342,349
61,IY1,362,369
62,T,384,387
63,AA1,387,390
